{"cameraMode":{"drawMode":0,"name":"Shaded","section":"Shading Mode"},"sceneLighting":false,"audioPlay":false,"sceneViewState":{"showFog":true,"showMaterialUpdate":false,"showSkybox":false,"showFlares":true,"showImageEffects":true,"showParticleSystems":true},"in2DMode":false,"pivot":{"x":88.83619689941406,"y":0.8624210357666016,"z":-4.00987434387207},"rotation":{"x":-0.12482970207929611,"y":-0.7548633217811585,"z":0.15051338076591493,"w":-0.6260578632354736},"size":23.04209327697754,"orthographic":false}