{"cameraMode":{"drawMode":0,"name":"Shaded","section":"Shading Mode"},"sceneLighting":false,"audioPlay":false,"sceneViewState":{"showFog":true,"showMaterialUpdate":false,"showSkybox":false,"showFlares":true,"showImageEffects":true,"showParticleSystems":true},"in2DMode":false,"pivot":{"x":4.4178571701049809,"y":-1.4412727355957032,"z":-5.16401481628418},"rotation":{"x":0.24284744262695313,"y":0.666163980960846,"z":-0.2446025311946869,"w":0.6613826751708984},"size":15.914294242858887,"orthographic":false}